Time Elapsed:, 10000
L:, 2.0
mu:, 122.58438635827196
Num_bosons:, 0.004078822881559093
sigma:, 0.00001
Num_stars:, 50000
r:, 0.004078822881559093
N:, 1000